IAGA,GEOLON,GEOLAT,AACGMLON,AACGMLAT,STATION-NAME,OPERATOR-NUM,OPERATORS
SON,66.44,25.12,138.76,19.06,Sonmiani,1,INTERMAGNET
AMU,210.10,61.20,-97.02,60.86,Anchorage,1,THEMIS
YKC,245.52,62.48,-61.69,69.83,Yellowknife,2,CANMOS,INTERMAGNET
CBB,255.00,69.10,-54.57,77.63,Cambridge Bay,2,CANMOS,INTERMAGNET
RES,265.11,74.69,-46.02,83.79,Resolute Bay,2,CANMOS,INTERMAGNET
BLC,263.97,64.33,-35.06,74.59,Baker Lake,2,CANMOS,INTERMAGNET
MEA,246.65,54.62,-55.81,62.38,Meanook,2,CANMOS,INTERMAGNET
SIT,224.67,57.07,-81.44,59.91,Sitka,2,INTERMAGNET,USGS
PBQ,282.26,55.28,-2.20,66.68,Poste de la Baleine,2,CANMOS,INTERMAGNET
MEK,30.97,62.77,109.42,58.72,Mekrijaervi,2,IMAGE,EMMA
STJ,307.32,47.60,31.55,55.00,St Johns,2,CANMOS,INTERMAGNET
ALE,297.50,82.50,112.55,86.98,Alert,2,CANMOS,INTERMAGNET
LRV,338.30,64.18,69.03,65.39,Leirvogur,1,INTERMAGNET
BOU,254.77,40.13,-41.34,49.26,Boulder,2,INTERMAGNET,USGS
FRN,240.30,37.10,-56.96,43.16,Fresno,2,INTERMAGNET,USGS
VIC,236.58,48.52,-64.97,54.01,Victoria,2,CANMOS,INTERMAGNET
NEW,242.88,48.27,-57.81,55.14,Newport,2,INTERMAGNET,USGS
LOV,17.83,59.35,97.11,55.78,Lovo,1,INTERMAGNET
LER,358.82,60.13,82.56,58.13,Lerwick,3,BGS,SAMNET,INTERMAGNET
VAL,349.75,51.93,71.82,50.03,Valentia,1,INTERMAGNET
HAD,355.52,50.98,76.00,48.14,Hartland,3,BGS,SAMNET,INTERMAGNET
ESK,356.80,55.32,78.68,53.06,Eskdalemuir,3,BGS,SAMNET,INTERMAGNET
MAB,5.68,50.30,83.83,46.42,Manhay,1,INTERMAGNET
DOU,4.60,50.10,82.89,46.25,Dourbes,1,INTERMAGNET
BFE,11.67,55.62,90.57,52.13,Brorfelde,3,DTUSpace,INTERMAGNET,TROMSOE
CLF,2.27,48.02,80.38,43.85,Chambon la foret,2,INTERMAGNET,BCMT
OTT,284.45,45.40,0.16,56.94,Ottawa,2,CANMOS,INTERMAGNET
WNG,9.07,53.75,87.76,50.21,Wingst,2,GFZ,INTERMAGNET
VRE,292.38,-17.28,3.34,-4.49,Villa Remedios,1,GFZ
SHE,354.27,-15.95,61.91,-22.45,St. Helena,1,GFZ
SMA,334.87,36.99,56.10,33.61,Santa Maria/Azoren,1,GFZ
PNL,303.82,16.68,21.60,25.27,Pantanal,1,GFZ
THY,17.54,46.90,92.72,41.93,Tihany,2,INTERMAGNET,EMMA
BEL,20.80,51.83,96.83,47.57,Belsk,2,INTERMAGNET,EMMA
FUR,11.28,48.17,87.76,43.58,Furstenfeldbruk,1,INTERMAGNET
NGK,12.68,52.07,90.11,48.11,Niemegk,2,GFZ,INTERMAGNET
BDV,14.02,49.07,90.30,44.58,Budkov,1,INTERMAGNET
FRD,282.63,38.20,-3.31,49.97,Fredericksburg,2,INTERMAGNET,USGS
CRP,275.09,10.44,-14.80,21.70,Chiripa,1,INTERMAGNET
HYB,78.60,17.40,150.75,10.05,Hyderabad,2,GFZ,INTERMAGNET
IPM,250.58,-27.20,-33.47,-20.14,Isla de Pascua,2,INTERMAGNET,BCMT
KMH,18.11,-26.54,84.01,-36.47,Keetmanshoop,2,GFZ,INTERMAGNET
NMP,39.25,-15.09,109.48,-25.75,Nampula,1,INTERMAGNET
DED,211.21,70.36,-103.94,70.24,Deadhorse,2,INTERMAGNET,USGS
KEP,323.51,-54.28,24.78,-42.90,King Edward Point,2,INTERMAGNET,BGS
CDP,256.30,31.00,-37.87,40.03,Chengdu,1,INTERMAGNET
DMC,235.83,-75.25,-15.65,-65.06,Dome Concordia,2,INTERMAGNET,BCMT
LON,16.66,45.41,91.60,40.11,Lonjsko Polje,1,INTERMAGNET
SPG,29.72,60.54,107.40,56.50,Saint Petersburg,1,INTERMAGNET
TAB,291.18,76.54,31.96,85.15,Thule Air Base,1,DTUSpace
ROE,8.55,55.17,87.88,51.83,Roemoe,2,DTUSpace,TROMSOE
THL,290.77,77.47,35.79,85.94,Qaanag,2,DTUSpace,INTERMAGNET
SVS,294.90,76.02,38.02,84.20,Savissivik,1,DTUSpace
KUV,302.82,74.57,46.74,81.74,Kullorsuaq,1,DTUSpace
UPN,303.85,72.78,43.86,80.04,Upernavik,1,DTUSpace
UMQ,307.87,70.68,45.62,77.46,Uummannaq,1,DTUSpace
GDH,306.47,69.25,41.84,76.42,Godhavn,2,DTUSpace,INTERMAGNET
ATU,306.43,67.93,40.28,75.20,Attu,1,DTUSpace
STF,309.28,67.02,42.99,73.81,Kangerlussuaq,1,DTUSpace
SKT,307.10,65.42,38.86,72.72,Maniitsoq,1,DTUSpace
GHB,308.27,64.17,39.39,71.29,Nuuk,1,DTUSpace
FHB,310.32,62.00,40.45,68.77,Paamiut,1,DTUSpace
NAQ,314.56,61.16,44.77,67.04,Narssarssuaq,2,DTUSpace,INTERMAGNET
NRD,343.33,81.60,108.77,80.83,Nord,1,DTUSpace
DMH,341.37,76.77,89.38,77.26,Danmarkshavn,1,DTUSpace
DNB,339.78,74.30,82.56,75.24,Daneborg,1,DTUSpace
SCO,338.03,70.48,75.06,71.83,Ittoqqortoormiit,1,DTUSpace
AMK,322.37,65.60,56.02,69.83,Tasiilaq,1,DTUSpace
MCN,322.38,73.93,67.63,77.73,Magic1 north,1,DTUSpace
MCE,326.10,72.40,67.97,75.69,Magic1 east,1,DTUSpace
MCW,317.41,72.00,58.89,76.89,Magic1 west,1,DTUSpace
MCG,321.65,72.60,64.22,76.67,Magic2 GISP,1,DTUSpace
MCR,313.71,66.48,47.71,72.43,Magic2 Raven,1,DTUSpace
TDC,347.69,-37.10,47.71,-38.18,Tristan de Cunha,4,DTUSpace,INTERMAGNET,TROMSOE,GFZ
SUM,321.70,72.30,63.72,76.38,Summit,2,DTUSpace,THEMIS
HOV,353.20,61.50,79.01,60.28,Faroe Island,2,DTUSpace,THEMIS
GIM,265.36,56.38,-29.93,67.26,Gillam,3,CARISMA,THEMIS,CANOPUS
TAL,266.45,69.54,-34.17,79.53,Taloyoak,1,CARISMA
CNL,248.75,65.75,-60.12,73.52,Contwoyto Lake,1,CARISMA
DAW,220.89,64.05,-89.63,65.99,Dawson City,1,CARISMA
EKP,265.95,61.11,-30.27,71.82,Eskimo Point,2,CARISMA,CANOPUS
FCC,265.92,58.76,-29.61,69.60,Fort Churchill,4,CARISMA,CANOPUS,INTERMAGNET,CANMOS
FMC,248.79,56.66,-54.00,64.85,Fort McMurray,2,CARISMA,BGS
FSP,238.77,61.76,-69.43,67.71,Fort Simpson,2,CARISMA,THEMIS
SMI,248.05,60.02,-56.74,67.98,Fort Smith,2,CARISMA,THEMIS
ISL,265.34,53.86,-29.44,64.82,Island Lake,2,CARISMA,CANOPUS
PIN,263.96,50.20,-30.88,61.05,Pinawa,3,CARISMA,THEMIS,CANOPUS
RAL,256.32,58.22,-44.32,67.78,Rabbit Lake,1,CARISMA
RAN,267.89,62.82,-27.50,73.58,Rankine Inlet,3,CARISMA,THEMIS,CANOPUS
NOR,25.79,71.09,110.92,67.35,Nordkapp,2,TROMSOE,IMAGE
NAL,11.95,78.92,113.66,75.86,New Aalesund,2,TROMSOE,IMAGE
LYR,15.83,78.20,114.33,74.90,Longyearbyen,2,TROMSOE,IMAGE
JAN,351.30,70.90,85.67,70.31,Jan Mayen,1,TROMSOE
HOP,25.01,76.51,117.06,72.68,Hopen Island,2,TROMSOE,IMAGE
BJN,19.20,74.50,110.10,71.14,Bear Island,2,TROMSOE,IMAGE
SOR,22.22,70.54,107.74,67.01,Soeroeya,2,TROMSOE,IMAGE
TRO,18.94,69.66,104.50,66.34,Tromso,2,TROMSOE,IMAGE
AND,16.03,69.30,102.01,66.18,Andenes,2,TROMSOE,IMAGE
JCK,16.98,66.40,100.42,63.15,Jaeckvik,2,TROMSOE,IMAGE
DON,12.50,66.11,96.79,63.17,Doenna,2,TROMSOE,IMAGE
RVK,10.99,64.94,94.82,62.08,Roervik,2,TROMSOE,IMAGE
DOB,9.11,62.07,91.60,59.23,Dombas,2,TROMSOE,IMAGE
SOL,4.84,61.08,87.73,58.55,Solund,2,TROMSOE,IMAGE
KAR,5.24,59.21,87.06,56.51,Karmoey ,2,TROMSOE,IMAGE
HRN,15.60,77.00,111.76,73.80,Hornsund,2,IMAGE,INTERMAGNET
ALT,22.96,69.86,107.68,66.28,Alta,1,IMAGE
KEV,27.01,69.76,110.66,65.96,Kevo,2,IMAGE,EMMA
MAS,23.70,69.46,107.90,65.84,Masi,2,IMAGE,EMMA
KIL,20.79,69.02,105.33,65.57,Kilpisjarvi,3,IMAGE,EMMA,SAMNET
KAU,23.05,69.02,107.04,65.43,Kautokeino,1,IMAGE
IVA,27.29,68.56,109.93,64.74,Ivalo,2,IMAGE,EMMA
ABK,18.82,68.35,103.29,65.02,Abisko,2,IMAGE,INTERMAGNET
LEK,13.54,68.13,99.14,65.17,Leknes,1,IMAGE
MUO,23.53,68.02,106.62,64.39,Muonio,2,IMAGE,EMMA
LOZ,35.08,67.97,115.63,63.81,Lovozero,2,IMAGE,AARI
KIR,20.42,67.84,104.10,64.40,Kiruna,1,IMAGE
SOD,26.63,67.37,108.56,63.57,Sodankyla,3,IMAGE,EMMA,INTERMAGNET
PEL,24.08,66.90,106.24,63.23,Pello,2,IMAGE,EMMA
LYC,18.75,64.61,100.60,61.19,Lycksele,2,IMAGE,INTERMAGNET
OUJ,27.23,64.52,107.27,60.65,Oulujarvi,2,IMAGE,SAMNET
HAN,26.65,62.30,105.65,58.41,Hankasalmi,3,IMAGE,EMMA,SAMNET
NUR,24.65,60.50,103.18,56.65,Nurmajarvi,4,IMAGE,EMMA,SAMNET,INTERMAGNET
UPS,17.35,59.90,96.98,56.38,Uppsala,3,IMAGE,SAMNET,INTERMAGNET
TAR,26.46,58.26,103.77,54.26,Tartu,2,IMAGE,EMMA
BRW,203.25,71.30,-110.92,69.81,Barrow,3,GIMA,USGS,INTERMAGNET
KAV,216.63,70.07,-99.32,70.97,Kaktovik,2,GIMA,INTERMAGNET
KOT,197.40,66.88,-110.78,64.38,Kotzebue,2,GIMA,210MM
ARC,214.43,68.13,-98.91,68.67,Arctic Village,1,GIMA
INK,226.70,68.25,-88.28,71.27,Inuvik,3,GIMA,AUTUMN,THEMIS
BET,208.32,66.90,-102.61,66.29,Bettles,1,GIMA
FYU,214.70,66.57,-97.18,67.19,Fort Yukon,2,GIMA,THEMIS
EAG,218.80,64.78,-92.11,66.27,Eagle,1,GIMA
CMO,212.14,64.87,-97.87,64.99,College,3,GIMA,USGS,INTERMAGNET
CGO,212.14,64.87,-97.87,64.99,College Intl Geophys Observatory,2,THEMIS,GIMA
GAK,214.70,62.30,-93.83,62.93,Gakona,2,GIMA,THEMIS
TLK,209.90,63.30,-98.55,62.95,Talkeetna,1,GIMA
CPY,235.30,70.20,-82.24,74.83,Cape Perry,1,GIMA
PKR,212.74,65.08,-97.54,65.32,Poker Flat,1,GIMA
DIK,80.57,73.55,156.38,68.06,Dixon,3,RAPIDMAG,GIMA,AARI
CCS,104.28,77.72,175.71,71.40,Chelyuskin,3,RAPIDMAG,GIMA,AARI
TIK,129.00,71.58,-163.03,65.38,Tixie,5,RAPIDMAG,GIMA,210MM,AARI,INTERMAGNET
CWE,190.17,66.17,-115.43,62.58,Wellen,1,AARI
ARK,40.50,64.60,118.22,60.28,Arkhangelsk,1,AARI
AAE,38.77,9.03,110.49,0.10,Addis Ababa,3,INTERMAGNET,BCMT,MAGDAS
ABG,72.87,18.62,145.12,11.70,Alibag,2,GFZ,INTERMAGNET
AMS,77.57,-37.80,138.31,-49.07,Martin de Vivias,2,INTERMAGNET,BCMT
API,188.22,-13.80,-97.56,-15.28,Apia,1,INTERMAGNET
ASP,133.88,-23.77,-153.08,-34.52,Alice Springs,2,INTERMAGNET,AUS
BMT,116.20,40.30,-171.47,34.02,Beijing Ming Tombs,1,INTERMAGNET
BNG,18.57,4.33,90.18,-5.26,Bangui,2,INTERMAGNET,BCMT
BSL,270.37,30.35,-20.63,41.66,Bay St Louis,2,INTERMAGNET,USGS
CNB,150.70,-34.10,-132.03,-44.19,Canberra,2,INTERMAGNET,BOM
CAN,149.36,-35.30,-133.29,-45.68,Canberra,3,210MM,AUS,MAGDAS
CZT,51.87,-46.43,106.14,-53.12,Port Alfred,2,INTERMAGNET,BCMT
DLR,259.08,29.49,-34.44,38.98,Del Rio,1,INTERMAGNET
DRV,140.01,-66.67,-124.55,-80.59,Dumont Durville,2,INTERMAGNET,BCMT
EYR,172.40,-43.40,-103.65,-50.18,Eyrewell,1,INTERMAGNET
GNA,116.00,-31.80,-173.47,-44.48,Gnangara,2,INTERMAGNET,AUS
GUA,144.87,13.59,-144.41,5.79,Guam,3,INTERMAGNET,USGS,210MM
GUI,343.57,28.32,61.45,18.12,Guimar,1,INTERMAGNET
HBK,27.71,-25.88,94.52,-36.31,Hartebeesthoek,1,INTERMAGNET
HER,19.23,-34.43,81.83,-42.20,Hermanus,3,INTERMAGNET,EMMA,MAGDAS
HLP,18.82,54.61,96.06,50.68,Hel,2,INTERMAGNET,EMMA
HON,202.00,21.32,-90.66,21.79,Honolulu,2,INTERMAGNET,USGS
HRB,18.19,47.86,93.51,43.08,Hurbanovo,2,INTERMAGNET,EMMA
IQA,291.48,63.75,14.91,73.78,Iqaluit,2,CANMOS,INTERMAGNET
IRT,104.45,52.17,177.14,46.82,Irkutsk,2,INTERMAGNET,210MM
ISK,29.06,41.07,101.91,35.23,Kandilli,1,INTERMAGNET
KAK,140.18,36.23,-148.59,28.77,Kakioka,1,INTERMAGNET
KOU,307.27,5.21,22.77,11.93,Kourou,2,INTERMAGNET,BCMT
LNP,121.17,25.00,-167.33,17.84,Lunping,2,210MM,INTERMAGNET
MBO,343.03,14.38,58.63,2.58,Mbour,2,INTERMAGNET,BCMT
MMB,144.19,43.91,-144.95,36.55,Memambetsu,1,INTERMAGNET
NCK,16.72,47.63,92.20,42.82,Nagycenk,3,SEGMA,INTERMAGNET,EMMA
MZH,117.40,49.60,-169.98,43.65,Manzaoli,1,Unknown
PAF,70.26,-49.35,121.91,-58.39,Port aux Francias,2,INTERMAGNET,BCMT
PHU,105.95,21.03,177.51,13.66,Phuthuy,2,INTERMAGNET,BCMT
PPT,210.42,-17.57,-75.04,-16.27,Pamatai,2,INTERMAGNET,BCMT
SBA,166.78,-77.85,-33.03,-79.95,Scott Base,1,INTERMAGNET
SJG,293.85,18.11,9.18,29.77,San Juan,2,INTERMAGNET,USGS
SPT,355.65,39.55,72.96,32.82,San Pablo Toledo,1,INTERMAGNET
SUA,26.25,45.32,100.04,40.16,Surlari,2,GFZ,INTERMAGNET
TAM,5.53,22.79,78.79,9.60,Tamanrasset,2,INTERMAGNET,BCMT
TAN,47.55,-18.92,116.61,-29.27,Antananarivo,2,INTERMAGNET,BCMT
TUC,249.27,32.17,-45.97,39.83,Tucson,2,INTERMAGNET,USGS
VSS,316.35,-22.40,23.14,-15.85,Vassouras,2,INTERMAGNET,GFZ
KIV,30.30,50.72,104.84,46.22,Kiev,1,INTERMAGNET
LNN,30.70,59.95,107.99,55.86,Leningrad,1,Unknown
NKK,62.12,45.77,134.55,41.02,Novokazalinsk,1,Unknown
MNK,26.52,54.10,102.42,49.89,Minsk,1,Unknown
ODE,30.88,46.22,104.43,41.28,Odessa,1,GFZ
TUL,264.22,35.92,-28.85,46.61,Tulsa,1,Unknown
ASH,58.10,37.95,130.30,32.88,Ashkabad,1,Unknown
TOL,355.95,39.88,73.27,33.27,Toledo,1,Unknown
NVS,82.90,55.03,155.62,50.30,Novosibirsk,1,INTERMAGNET
KGD,73.08,49.82,145.59,45.10,Karaganda,1,Unknown
AAA,76.92,43.25,149.28,38.16,Alma Ata,1,INTERMAGNET
TKT,69.62,41.33,141.96,36.29,Tashkent,1,Unknown
LVV,23.75,49.90,98.85,45.37,Lvov,1,INTERMAGNET
RSV,12.45,55.85,91.29,52.33,Rude Skov,1,INTERMAGNET
MOS,37.32,55.48,112.29,51.12,Moscow,1,IZMIRAN
YSS,142.72,46.95,-146.31,39.74,Yuzhno Sakhalinsk,1,AARI
HIS,58.05,80.62,145.18,74.89,Heiss Island,1,AARI
ZGN,123.26,66.75,-166.17,60.75,Zhigansk,2,210MM,MAGDAS
YAK,129.72,60.02,-159.06,53.78,Yakutsk,4,GFZ,210MM,INTERMAGNET,MAGDAS
PPI,131.73,42.98,-156.24,36.10,Popov Island,1,210MM
BJI,116.18,40.06,-171.50,33.76,Beijing,1,210MM
BOX,38.97,58.03,114.46,53.70,Barok,3,210MM,INTERMAGNET,BCMT
MUT,121.02,14.37,-167.77,6.71,Muntinlupa,2,210MM,MAGDAS
PTN,109.25,-0.05,-179.33,-9.00,Pontianak,2,210MM,MAGDAS
WTK,112.63,-7.56,-175.96,-17.21,Watukosek,1,210MM
LRM,115.00,-21.00,-173.80,-32.36,Learmonth,3,INTERMAGNET,AUS,BOM
KAT,117.62,-33.68,-171.71,-46.52,Katanning,1,210MM
KTN,137.71,75.94,-159.20,69.64,Kotelnyy,1,210MM
CHD,147.89,70.62,-148.06,64.42,Chokurdakh,2,210MM,MAGDAS
ZYK,150.78,65.75,-143.34,59.38,Zyryanka,1,210MM
MGD,150.86,59.97,-141.29,53.28,Magadan,4,GFZ,210MM,INTERMAGNET,MAGDAS
MSR,142.27,44.37,-146.64,37.08,Moshiri,1,210MM
ONW,141.47,38.43,-147.37,30.98,Onagawa,2,210MM,MAGDAS
KAG,130.72,31.48,-157.66,24.27,Kagoshima,1,210MM
YMK,130.62,31.19,-157.77,23.97,Yamakawa,1,210MM
CBI,142.30,27.15,-146.88,19.46,Chichijima,1,210MM
YAP,138.50,9.30,-150.53,1.24,Yap,2,210MM,MAGDAS
KOR,134.50,7.33,-154.45,-0.83,Koror,1,210MM
BIK,136.05,-1.08,-152.58,-9.67,Biak,2,210MM,MAGDAS
WEW,143.62,-3.55,-144.63,-12.06,Wewak,1,210MM
DRW,130.90,-12.40,-157.20,-21.99,Darwin,4,210MM,AUS,MAGDAS,BOM
WEP,141.88,-12.68,-145.59,-21.96,Weipa,1,210MM
BSV,139.21,-25.54,-146.92,-36.13,Birdsville,1,210MM
DAL,151.20,-27.18,-133.08,-36.69,Dalby,1,210MM
ADL,138.65,-34.67,-146.20,-46.24,Adelaide,1,210MM
CPS,180.55,68.88,-124.08,64.32,Cape Schmidt,2,AARI,210MM
EWA,202.00,21.32,-90.66,21.79,Ewa Beach,2,210MM,MAGDAS
ASA,170.70,-14.28,-114.79,-19.36,American Samoa,1,210MM
MCQ,158.95,-54.50,-111.91,-64.60,Macquarie Island,5,210MM,INTERMAGNET,AUS,MAGDAS,BOM
CKA,73.60,68.50,148.71,63.53,Cape Kamenniy,1,Unknown
AMD,61.40,69.50,138.36,64.65,Amderma,3,RAPIDMAG,GIMA,AARI
LOP,33.08,68.25,114.23,64.16,Lop,1,Unknown
MBC,240.64,76.32,-91.12,80.91,Mould Bay,2,CANMOS,INTERMAGNET
VIZ,76.98,79.48,156.52,73.39,Vieze Island,1,AARI
PBK,170.90,70.10,-131.56,64.79,Pebek,2,AARI,GIMA
PGC,294.20,66.10,20.63,75.58,Pangnirtung,1,MACCS
CY0,291.40,70.50,19.27,79.93,Clyde River,1,MACCS
CDC,283.40,64.20,0.91,74.98,Cape Dorset,1,MACCS
CHC,276.80,64.10,-11.41,75.11,Coral Harbour,1,MACCS
GHC,264.10,68.60,-37.90,78.46,Gjoa Haven,1,MACCS
IGC,278.20,69.30,-8.89,79.80,Igloolik,1,MACCS
PBC,270.30,68.50,-25.47,78.90,Pelly Bay,1,MACCS
RPB,273.80,66.50,-17.57,77.25,Repulse Bay,1,MACCS
NAN,298.30,56.40,22.51,65.71,Nain,2,MACCS,THEMIS
AIA,295.74,-65.25,9.41,-49.50,Faraday Islands,1,INTERMAGNET
ASC,345.62,-7.95,55.71,-12.29,Ascension Island,2,BGS,INTERMAGNET
VOS,106.87,-78.45,55.27,-83.46,Vostok,2,INTERMAGNET,AARI
CSY,110.53,-66.28,155.89,-80.77,Casey,3,INTERMAGNET,AUS,BOM
CTA,146.30,-20.10,-139.83,-29.64,Charters Towers,2,INTERMAGNET,AUS
DVS,77.97,-68.58,99.88,-74.45,Davis,4,INTERMAGNET,AUS,MAGDAS,BOM
GLN,262.88,49.65,-32.35,60.35,Glenlea,2,CANMOS,INTERMAGNET
HTY,139.80,33.12,-149.02,25.60,Hatizyo,1,INTERMAGNET
KDU,132.47,-12.69,-155.54,-22.28,Kakadu,2,INTERMAGNET,AUS
KNY,130.88,31.42,-157.51,24.20,Kanoya,1,INTERMAGNET
MAW,62.88,-67.61,89.98,-70.10,Mawson,3,INTERMAGNET,AUS,BOM
MIR,93.02,-66.55,122.60,-77.17,Mirny,2,INTERMAGNET,AARI
PST,302.11,-51.70,10.94,-36.93,Port Stanley,2,BGS,INTERMAGNET
TSU,17.70,-19.22,85.99,-29.75,Tsumeb,2,INTERMAGNET,EMMA
HUA,284.67,-12.05,-3.86,0.66,Huancayo,1,INTERMAGNET
LIV,299.61,-62.66,11.01,-47.09,Livingston Island,1,INTERMAGNET
TRW,294.68,-43.25,5.55,-28.41,Trelew,1,INTERMAGNET
AQU,13.32,42.38,88.08,36.21,LAquila,4,SEGMA,INTERMAGNET,EMMA,MAGDAS
MID,182.62,28.21,-110.72,24.85,Midway,1,INTERMAGNET
LMM,40.00,-25.92,106.92,-36.19,Maputo,1,INTERMAGNET
LZH,103.85,36.09,175.94,29.83,Lanzhou,2,INTERMAGNET,BCMT
QSB,35.64,33.87,107.49,27.17,Qsaybeh,2,INTERMAGNET,BCMT
TND,124.95,1.29,-163.81,-7.12,Tondano,1,INTERMAGNET
EBR,0.49,40.82,77.10,34.27,Ebro,1,INTERMAGNET
TEO,260.82,19.75,-31.32,28.86,Teoloyucan,1,INTERMAGNET
LEM,147.50,-42.30,-133.48,-53.57,Lemont,1,210MM
RIK,143.76,43.48,-145.32,36.11,Rikubetsu,1,210MM
CLK,285.00,44.70,0.90,56.20,Clarkson,1,MEASURE
APL,283.12,39.17,-2.49,50.90,Applied Physics Lab,1,MEASURE
DSO,278.60,36.25,-9.24,48.13,Darsky,1,MEASURE
USC,278.54,33.34,-9.54,45.23,U of South Carolina,1,MEASURE
JAX,278.40,30.35,-9.96,42.23,Jacksonville,1,MEASURE
FIT,279.05,28.07,-9.25,39.97,Bullcreek,1,MEASURE
GTF,288.05,43.62,5.22,54.83,Grafton,1,MEASURE
MSH,288.52,42.60,5.75,53.78,Millstone Hill,1,MEASURE
FAR,352.98,62.05,79.17,60.90,Faroes,1,SAMNET
BOR,38.33,58.03,113.90,53.71,Borok,1,SAMNET
CRK,357.36,57.09,79.90,54.97,Crooktree,1,SAMNET
GML,356.32,57.16,79.12,55.17,Gleenmore Lodge,1,SAMNET
HLL,339.44,63.77,69.66,64.77,Hella,1,SAMNET
KVI,17.63,59.50,97.02,55.94,Kvistaberg,1,SAMNET
LAN,357.23,54.01,78.47,51.51,Lancaster,1,SAMNET
S01,13.36,64.37,96.27,61.31,Nordli,1,SAMNET
OUL,25.85,65.10,106.49,61.31,Oulu,1,SAMNET
YOR,358.95,53.95,79.80,51.26,York,1,SAMNET
PUT,290.50,-18.33,1.64,-5.33,Putre,1,SAMBA
ANT,289.76,-23.39,1.03,-10.00,Antofagasta,1,SAMBA
SER,288.87,-30.00,0.60,-16.08,La Serena,1,SAMBA
CER,289.40,-33.45,1.23,-19.24,Los Cerrillos,1,SAMBA
VLD,286.86,-39.48,-0.00,-24.91,Valdivia,1,SAMBA
OSO,286.91,-40.34,0.13,-25.71,Osorno,1,SAMBA
PNT,289.10,-53.20,3.34,-37.82,Puerto Natales,1,SAMBA
ESC,301.08,-62.18,11.74,-46.69,Escudero,1,SAMBA
OHI,302.10,-63.32,12.50,-47.82,OHiggins,1,SAMBA
PAC,289.91,-40.34,2.17,-25.60,Punta Arenas,1,SAMBA
ENP,289.10,-52.13,3.17,-36.79,San Gregorio,1,SAMBA
FSJ,239.27,56.23,-65.46,62.39,Fort St. John,1,AUTUMN
EDM,246.70,53.30,-55.19,61.07,Edmonton,1,AUTUMN
FVE,243.98,58.37,-60.99,65.54,Fort Vermilion,1,AUTUMN
LET,247.13,49.64,-53.27,57.45,Lethbridge,1,AUTUMN
RED,246.16,52.14,-55.39,59.79,Red Deer,1,AUTUMN
ROT,245.87,51.07,-55.32,58.64,Rothney,1,AUTUMN
SAS,253.60,52.80,-46.10,61.96,Saskatoon,1,AUTUMN
VLO,282.24,48.19,-2.87,59.82,Val-dOr,1,AUTUMN
MCM,166.67,-77.85,-33.03,-79.97,McMurdo Station,1,PENGUIN
SPA,0.00,-90.00,18.84,-73.93,South Pole Station,1,PENGUIN
ELT,34.95,29.67,106.60,22.06,Eilat,1,INTERMAGNET
GZH,113.34,23.09,-175.15,15.91,Guangzhou,1,INTERMAGNET
MLT,30.89,29.52,102.62,21.23,Misallat,1,INTERMAGNET
PAL,295.95,-64.77,9.42,-49.03,Palmer,1,SAMBA
NOK,88.10,69.40,162.00,64.13,NOK,2,RAPIDMAG,GIMA
HLM,210.13,61.24,-97.02,60.90,HLMS,1,GIMA
HOM,209.53,59.70,-96.62,59.22,Homer,1,GIMA
TRP,150.24,62.67,-142.58,56.13,Trapper,1,GIMA
BGY,35.09,31.72,106.83,24.53,Bar Gyora,1,INTERMAGNET
ESA,141.36,39.24,-147.46,31.82,Esashi,1,INTERMAGNET
GCK,20.77,44.63,95.01,39.21,Grocka,1,INTERMAGNET
KNZ,48.85,55.83,122.85,51.35,Zaymishche,1,INTERMAGNET
MIZ,141.20,39.11,-147.60,31.69,Mizusawa,1,INTERMAGNET
SFS,354.06,36.67,71.12,28.71,San Fernando,1,INTERMAGNET
SHU,199.54,55.38,-102.75,52.85,Shumagin,2,INTERMAGNET,USGS
BFO,8.33,48.33,85.37,43.88,Black Forest,1,INTERMAGNET
MSK,34.52,52.69,109.09,48.27,MSK,1,INTERMAGNET
B11,336.58,-77.51,29.71,-62.98,m78-337,1,BAS
B12,335.88,-79.08,28.74,-64.25,m79-336,1,BAS
B14,337.74,-80.89,28.47,-65.92,m81-338,1,BAS
B15,2.97,-81.49,36.24,-68.30,m82-003,1,BAS
B17,347.76,-82.90,29.97,-68.21,m83-348,1,BAS
B18,336.14,-84.35,25.53,-68.86,m84-336,1,BAS
B19,2.06,-85.36,29.68,-70.92,m85-002,1,BAS
B20,95.98,-85.36,30.01,-77.65,m85-096,1,BAS
B21,28.41,-87.00,28.70,-73.19,m87-028,1,BAS
B22,68.17,-86.51,30.49,-75.39,m87-069,1,BAS
B23,316.13,-88.03,19.65,-71.97,m88-316,1,BAS
B03,291.88,-67.57,7.92,-51.79,m67-292,1,BAS
M01,263.55,46.87,-30.96,57.67,Glyndon,1,McMAC
M02,266.75,45.56,-26.24,56.76,Cambridge,1,McMAC
M03,264.40,43.60,-29.36,54.49,Worthington,1,McMAC
M04,263.84,41.36,-29.88,52.13,Bennington,1,McMAC
M05,263.70,38.50,-29.77,49.19,Americus,1,McMAC
M06,262.60,35.00,-30.83,45.40,Purcell,1,McMAC
M07,263.25,32.98,-29.82,43.40,Richardson,1,McMAC
M08,261.39,29.44,-31.73,39.36,San Antonio,1,McMAC
M09,262.20,26.40,-30.46,36.27,Lyford,1,McMAC
M10,260.40,24.80,-32.36,34.22,Linares,1,McMAC
M11,256.90,20.70,-35.67,29.10,Juriquilla,1,McMAC
B01,296.52,-64.82,9.74,-49.09,m65-297,1,BAS
B02,294.00,-66.03,8.66,-50.26,m66-294,1,BAS
B04,41.08,-68.58,73.24,-66.12,m68-041,1,BAS
B05,41.32,-69.29,72.31,-66.57,m69-041,1,BAS
B06,39.40,-69.67,70.52,-66.43,m70-039,1,BAS
B07,44.28,-70.70,71.83,-67.92,m70-044,1,BAS
B08,159.03,-72.77,-67.16,-80.57,m73-159,1,BAS
B09,42.99,-74.01,64.96,-69.45,m74-043,1,BAS
B10,39.71,-77.32,56.55,-70.53,m77-040,1,BAS
B24,77.77,-71.67,90.27,-75.99,m72-078,1,BAS
B13,77.00,-80.00,56.16,-77.65,m80-077,1,BAS
B16,347.06,-82.78,29.90,-68.07,m83-347,1,BAS
B27,3.00,-81.00,36.93,-67.96,m81-003,1,BAS
KTB,100.32,-0.20,171.73,-9.60,Kototabang,1,210MM
JCO,211.20,70.36,-103.95,70.23,Jim Carrigan,1,BGS
SBL,299.99,43.93,21.71,53.08,Sable Carrigan,2,BGS,INTERMAGNET
C02,265.79,57.71,-29.55,68.58,Back Lake,1,CARISMA
C13,239.97,51.88,-62.59,58.18,Wells Gray,1,CARISMA
T03,247.02,50.37,-53.66,58.17,Vulcan,1,CARISMA
C03,248.89,58.77,-54.92,66.94,Fort Chipewyan,1,CARISMA
C04,251.74,50.06,-47.65,58.83,Gull Lake,1,CARISMA
C05,264.54,52.03,-30.33,62.94,Little Grand Rapids,1,CARISMA
C06,247.03,53.35,-54.81,61.19,Ministik Lake,1,CARISMA
C07,233.31,65.26,-78.45,69.86,Norman Wells,1,CARISMA
C10,245.79,47.66,-54.19,55.15,Polson,1,CARISMA
C08,264.92,45.87,-28.89,56.85,Osakis,1,CARISMA
C09,264.71,54.93,-30.62,65.79,Oxford House,1,CARISMA
C11,263.64,48.03,-31.01,58.84,Thief River Falls,1,CARISMA
C12,256.20,49.69,-41.68,59.32,Weyburn,1,CARISMA
C01,276.10,42.42,-12.50,54.26,Ann Arbor,1,CARISMA
T15,275.66,46.24,-13.05,58.04,Bay Mills,1,THEMIS
T16,240.20,39.19,-57.71,45.28,Carson City,1,THEMIS
T17,287.87,44.95,5.15,56.16,Derby,1,THEMIS
T18,259.32,46.09,-36.68,56.22,Fort Yates,1,THEMIS
T19,245.33,47.61,-54.72,55.00,Hot Springs,1,THEMIS
T20,281.62,40.18,-4.56,51.97,Loysburg,1,THEMIS
T21,257.41,43.08,-38.62,52.81,Pine Ridge,1,THEMIS
T22,226.84,56.83,-79.15,60.16,Petersburg,1,THEMIS
T23,274.86,43.66,-14.30,55.46,Remus,1,THEMIS
T24,271.40,44.78,-19.42,56.41,Shawano,1,THEMIS
T25,241.07,45.14,-58.74,51.55,Ukiah,1,THEMIS
T26,242.15,34.20,-54.15,40.54,San Gabriel,1,THEMIS
T27,242.32,34.38,-54.02,40.76,Table Mountain,1,THEMIS
T28,299.50,53.30,23.23,62.45,Goose Bay,1,THEMIS
T29,291.80,58.30,13.57,68.60,Kuujjuaq,1,THEMIS
T30,285.60,49.80,2.44,61.14,Chibougamau,1,THEMIS
T31,280.80,56.50,-4.49,67.92,Sanikiluaq,1,CANMOS
T32,277.70,49.40,-9.82,61.15,Kapuskasing,1,THEMIS
T33,259.10,54.00,-38.80,64.11,Flin Flon/The Pas,1,THEMIS
T34,249.30,64.70,-58.39,72.66,Ekati,1,THEMIS
T35,249.10,63.60,-57.76,71.60,Snap Lake,1,THEMIS
T36,246.69,54.71,-55.81,62.49,Athabasca,2,THEMIS,AUTUMN
T37,237.20,53.80,-66.60,59.49,Prince George,1,THEMIS
T38,224.80,61.00,-83.71,63.85,White Horse,2,THEMIS,AUTUMN
T39,209.80,62.30,-97.96,61.92,Trapper Creek,1,THEMIS
T40,204.40,63.00,-102.76,61.58,McGrath,1,THEMIS
T41,199.60,67.00,-109.28,64.86,Kiana,1,THEMIS
T42,254.60,55.15,-45.55,64.48,La Ronge,2,THEMIS,AUTUMN
T43,245.70,50.90,-55.47,58.43,Priddis,1,THEMIS
IZN,29.73,40.50,102.46,34.59,Iznik,1,INTERMAGNET
PAG,24.18,47.49,98.65,42.64,Panagjurishte,3,GFZ,INTERMAGNET,SEGMA
HOR,15.60,77.00,111.76,73.80,Hornsund,1,IMAGE
SAH,234.77,71.98,-85.80,76.28,Sachs Harbour,1,CARISMA
E01,23.86,41.35,97.17,35.28,Nevrokopi,1,ENIGMA
E02,21.97,39.45,95.17,32.75,Klokotos,1,ENIGMA
E03,24.10,38.63,96.99,31.86,Kimi,1,ENIGMA
E04,23.93,38.08,96.76,31.14,Dionyssos,1,ENIGMA
E05,22.95,36.72,95.69,29.29,Velies,1,ENIGMA
BRD,260.03,49.87,-36.46,60.15,Brandon,1,CANMOS
EUA,274.10,80.00,-56.78,88.88,Eureka,1,CANMOS
ARS,58.57,56.43,132.05,51.90,Arti,1,INTERMAGNET
CKI,96.84,-12.19,167.45,-23.14,Cocos-Keeling Islands,2,INTERMAGNET,AUS
CNH,124.86,44.08,-162.78,37.58,Changchun,1,INTERMAGNET
CYG,126.85,36.37,-161.15,29.50,Cheongyang,1,INTERMAGNET
DLT,108.48,11.94,179.89,4.00,Dalat,2,INTERMAGNET,BCMT
DUR,14.28,41.39,88.70,34.91,Duronia,1,INTERMAGNET
GAN,73.15,0.69,144.47,-8.22,Gan,1,INTERMAGNET
JAI,75.80,26.92,148.15,20.61,Jaipur,1,INTERMAGNET
KHB,134.69,47.61,-153.50,40.75,Khabarovsk,1,INTERMAGNET
ORC,315.26,-60.74,19.70,-46.70,Orcadas,1,INTERMAGNET
PEG,23.90,38.10,96.74,31.16,Pedeli,1,INTERMAGNET
PET,158.25,52.97,-134.03,45.96,Paratunka,1,GFZ
PIL,294.47,-31.40,4.82,-17.52,Pilar,1,INTERMAGNET
WMQ,87.71,43.81,160.06,38.51,Urumqi,1,INTERMAGNET
PG1,77.20,-85.50,33.27,-76.35,Antartica,2,THEMIS,MIST
PG2,57.96,-84.42,38.64,-74.96,Antartica,2,THEMIS,MIST
PG3,37.62,-84.42,37.39,-73.06,Antartica,2,THEMIS,MIST
PG4,12.20,-83.34,35.65,-70.32,Antartica,2,THEMIS,MIST
GNG,115.71,-31.36,-173.76,-43.99,Gingin,2,INTERMAGNET,AUS
BRZ,24.75,56.21,101.59,52.17,Birzai,1,EMMA
SUW,23.18,54.01,99.53,49.88,Suwalki,1,EMMA
SZC,19.61,52.91,96.16,48.79,Szczechowo,1,EMMA
ZAG,20.58,50.28,96.21,45.84,Zagorzyce,1,EMMA
VYH,18.84,48.49,94.23,43.81,Vyhne,1,EMMA
WIC,15.52,47.55,91.15,42.73,Conrad Observatorium,1,EMMA
CST,11.65,46.05,87.51,40.94,Castello Tesino,2,SEGMA,EMMA
P01,16.66,45.41,91.60,40.11,Lonjsko Polje,1,EMMA
RNC,12.08,43.97,87.37,38.28,Ranchio,2,SEGMA,EMMA
SUT,20.67,-32.40,84.30,-40.97,Sutherland,1,EMMA
A01,7.39,8.99,79.59,-1.52,Abuja,2,AMBER,MAGDAS
A02,2.93,36.85,78.30,28.41,Algeria,1,AMBER
A03,11.52,3.87,83.21,-5.29,Cameroon,1,AMBER
A04,39.46,14.28,111.10,5.64,Ethiopia,1,AMBER
A05,17.58,-19.20,85.87,-29.72,Namibia,1,AMBER
A06,355.87,5.33,68.43,-3.58,Abidjan,2,AMBER,MAGDAS
A07,346.34,9.58,60.55,-0.91,Conakry,1,AMBER
A08,125.40,7.00,-163.46,-1.07,Davao,2,AMBER,MAGDAS
A09,120.00,14.58,-168.77,6.94,Manila,1,AMBER
A10,319.50,-9.40,30.26,-6.90,Petrolina,1,AMBER
A11,311.55,-1.45,25.29,3.23,Belem,1,AMBER
A12,100.61,14.08,172.19,6.08,Bangkok,1,AMBER
A13,98.35,7.89,169.90,-0.72,Phuket,1,AMBER
GRK,29.38,60.27,107.01,56.23,Gorkovskaya,1,AARI
BBG,14.23,78.07,113.06,74.91,Barentsburg,1,AARI
PRG,76.23,-69.23,96.60,-74.36,Progress,1,AARI
NVL,11.83,-70.78,52.29,-62.53,Novolazorevskaya,1,AARI
WHS,264.75,49.80,-29.65,60.75,Whiteshell,1,CANMOS
T44,281.95,58.47,-2.40,69.73,Inukjuak,2,THEMIS,AUTUMN
T45,282.24,55.28,-2.22,66.69,Kuujjuarapik,2,THEMIS,AUTUMN
T46,282.71,60.05,-0.94,71.17,Puvirnituq,2,THEMIS,AUTUMN
T47,284.35,62.20,2.24,73.07,Salluit,2,THEMIS,AUTUMN
T48,293.19,54.80,14.76,65.03,Schefferville,1,THEMIS
T49,293.73,50.22,14.52,60.48,Spet-lles,2,THEMIS,AUTUMN
T50,287.55,48.65,5.22,59.81,Saint-Fellicien,2,THEMIS,AUTUMN
T51,282.22,48.05,-2.92,59.69,Val-dOr,2,THEMIS,AUTUMN
T52,282.38,53.79,-2.14,65.25,Radisson,2,THEMIS,AUTUMN
T53,281.85,60.82,-2.34,71.94,Akulivik,2,THEMIS,AUTUMN
VNA,351.70,-70.70,40.40,-59.54,Neumayer Station III,1,INTERMAGNET
CUL,149.58,-30.28,-134.25,-40.23,Culgoora,3,AUS,MAGDAS,BOM
HOB,147.35,-42.88,-133.47,-54.23,Hobart,3,AUS,MAGDAS,BOM
TWN,146.82,-19.27,-139.38,-28.70,Townsville,2,AUS,MAGDAS
AMA,129.33,28.17,-159.16,20.90,Amami-Oshima,1,MAGDAS
ANC,282.85,-11.77,-5.64,0.79,Ancon,1,MAGDAS
ASB,142.17,43.46,-146.72,36.14,Ashibetu,1,MAGDAS
ASW,32.51,23.50,104.05,14.40,Aswan,1,MAGDAS
BCL,105.71,9.30,177.17,1.06,Bac_Lieu,1,MAGDAS
BKL,102.31,-3.86,173.65,-13.61,Bengkulu,1,MAGDAS
CDO,124.63,8.40,-164.23,0.41,CagayanDeOro,1,MAGDAS
CEB,123.91,10.36,-164.95,2.48,Cebu,1,MAGDAS
CKT,145.25,-15.48,-141.63,-24.75,Cooktown,1,MAGDAS
CMD,150.67,-34.06,-132.08,-44.16,Camden,2,MAGDAS,BOM
DES,39.12,-6.46,110.54,-16.39,Dal Es Salaam,1,MAGDAS
DRB,30.56,-29.48,95.96,-39.24,Durban,1,MAGDAS
EUS,-38.43,-3.88,34.25,-3.65,Eusebio,1,MAGDAS
FYM,35.50,29.18,107.13,21.56,Fayum,1,MAGDAS
GSI,97.34,1.18,168.77,-8.17,Gunung Sitoli,1,MAGDAS
HLN,121.55,23.90,-167.00,16.68,Hualien,1,MAGDAS
HVD,91.67,48.01,164.14,42.87,Khovd,1,MAGDAS
ICA,-75.75,-14.08,-4.18,-1.34,Ica,1,MAGDAS
ILR,4.68,8.50,77.00,-1.82,Ilorin,1,MAGDAS
JRS,-78.30,0.00,-7.22,12.26,Alem Ecua,1,MAGDAS
JYP,140.70,2.51,-148.05,-5.79,Jayapura,1,MAGDAS
KPG,123.40,-10.20,-165.02,-19.71,Kupang,1,MAGDAS
KRT,13.02,33.37,86.37,23.78,Khartoum,1,MAGDAS
KUJ,131.23,33.06,-157.09,25.88,Kuju,1,MAGDAS
LAG,3.27,6.48,75.50,-3.08,Lagos,1,MAGDAS
LGZ,123.74,13.10,-165.10,5.35,Legazpi,1,MAGDAS
LKW,99.78,6.30,171.30,-2.42,Langkawi,1,MAGDAS
LSK,28.19,-15.23,98.15,-26.09,Lusaka,1,MAGDAS
LWA,104.06,-5.02,175.40,-14.83,Liwa,1,MAGDAS
MLB,145.18,-38.36,-137.51,-49.57,Melbourne,1,MAGDAS
MND,124.84,1.44,-163.92,-6.96,Manado Indon,1,MAGDAS
NAB,36.48,-1.16,108.15,-10.71,Nairobi,1,MAGDAS
PRP,119.40,-3.60,-169.21,-12.49,ParePare,1,MAGDAS
PTK,158.25,52.94,-134.02,45.93,St.Paratunka,1,MAGDAS
ROC,150.31,-23.19,-134.86,-32.53,Rockhampton,1,MAGDAS
SBH,116.07,6.02,-172.64,-2.14,Jayapura,1,MAGDAS
SCN,100.30,-0.55,171.70,-10.00,Sicincin,1,MAGDAS
TGG,121.76,17.66,-166.98,10.15,Tuguegarao,1,MAGDAS
TIR,76.95,8.48,148.77,0.28,Tirunelveli,1,MAGDAS
WAD,256.10,51.90,-42.42,61.51,Wadena,1,MAGDAS
G01,306.28,-29.72,13.59,-18.31,Santa Maria,1,MAGDAS
KLD,20.20,54.50,97.17,50.51,Kaliningrad,1,IZMIRAN
T54,283.15,39.10,-2.46,50.83,Laurel,1,THEMIS
T55,208.74,60.55,-97.77,59.93,Kenia College,1,THEMIS
T56,267.03,45.59,-25.84,56.82,Hrisis,1,THEMIS
T57,255.39,38.25,-40.21,47.44,Pblolo,1,THEMIS
T58,237.83,37.42,-59.67,43.00,Stfdford,1,THEMIS
BRN,132.41,47.80,-155.59,41.05,Baranov,1,THEMIS
PG0,88.68,-83.67,38.05,-78.17,PG0,2,THEMIS,MIST
PG5,5.71,-81.96,36.37,-68.87,PG5,2,THEMIS,MIST
HRP,275.30,49.20,-13.57,60.94,Hornepayne,1,THEMIS
LCL,252.90,51.00,-46.44,60.01,Lucky Lake,1,THEMIS
T59,207.60,57.79,-97.23,56.88,Kodkak,1,THEMIS
T60,210.40,66.63,-100.73,66.41,Toolik Lake,1,THEMIS
T61,284.56,37.88,-0.57,49.54,Walpsops Island,1,THEMIS
W01,147.21,-41.55,-134.09,-52.79,Launceston,1,BOM
W02,167.97,-29.03,-114.09,-35.90,Norfolk Island,1,BOM
W03,141.30,-2.70,-147.10,-11.27,Vanimo,1,BOM